{
    "loss": 0.6928862929344177,
    "accuracy": 0.5686274766921997
}